date,team_id,game_id,TEAM_TOTAL_LINE,y_true,p_hat,p_hat_sigmoid,p_hat_isotonic,fold
1971-05-13,1610612742,0022300244,125.0,0,0.32052632202615017,0.32052632202615017,0.1422747018415659,0
1971-05-13,1610612746,0022300127,118.0,1,0.5556521127041808,0.5556521127041808,0.6521739130434783,0
1971-05-13,1610612738,0022300136,124.0,0,0.5261791751732,0.5261791751732,0.5,0
1971-05-13,1610612749,0022300190,120.0,0,0.44266943202517556,0.44266943202517556,0.3,0
1971-05-13,1610612750,0022300154,110.0,1,0.510992415729136,0.510992415729136,0.5,0
1971-05-13,1610612751,0022300136,115.0,0,0.6248013949927692,0.6248013949927692,0.6521739130434783,0
1971-05-13,1610612740,0022300262,117.0,1,0.5454161533045316,0.5454161533045316,0.5,0
1971-05-13,1610612754,0022300118,136.0,0,0.30559318820004905,0.30559318820004905,0.0,0
1971-05-13,1610612744,0022300280,120.0,0,0.3606018722446812,0.3606018722446812,0.3,0
1971-05-13,1610612738,0022300118,119.0,1,0.6067100431465156,0.6067100431465156,0.6521739130434783,0
1971-05-13,1610612744,0022300325,116.0,0,0.417501021646978,0.417501021646978,0.3,0
1971-05-13,1610612746,0022300235,101.0,1,0.6816042580219719,0.6816042580219719,0.8,0
1971-05-13,1610612755,0022300415,121.0,0,0.6548789406770859,0.6548789406770859,0.6521739130434783,0
1971-05-13,1610612746,0022300325,119.0,1,0.6326803544245488,0.6326803544245488,0.6521739130434783,0
1971-05-13,1610612744,0022300145,106.0,1,0.6952611914934569,0.6952611914934569,1.0,0
1971-05-13,1610612751,0022300406,117.0,1,0.5747756031230337,0.5747756031230337,0.6521739130434783,0
1971-05-13,1610612743,0022300226,108.0,1,0.5568043537814005,0.5568043537814005,0.6521739130434783,0
1971-05-13,1610612765,0022300145,112.0,0,0.5419400284191259,0.5419400284191259,0.5,0
1971-05-13,1610612765,0022300406,114.0,0,0.6804253412901139,0.6804253412901139,0.8,0
1971-05-13,1610612764,0022300253,114.0,1,0.6729266144048168,0.6729266144048168,0.8,0
1971-05-13,1610612753,0022300226,112.0,1,0.6336790538214794,0.6336790538214794,0.6521739130434783,0
1971-05-13,1610612759,0022300235,108.0,0,0.4761657831002362,0.4761657831002362,0.3,0
1971-05-13,1610612741,0022300082,104.0,0,0.6329889455624239,0.6329889455624239,0.6521739130434783,0
1971-05-13,1610612765,0022300253,109.0,0,0.7100711002844057,0.7100711002844057,1.0,0
1971-05-13,1610612737,0022300055,126.0,0,0.3622379169048902,0.3622379169048902,0.3,0
1971-05-13,1610612761,0022300082,105.0,0,0.6314087979573938,0.6314087979573938,0.6521739130434783,0
1971-05-13,1610612739,0022300055,116.0,1,0.6232240050200168,0.6232240050200168,0.6521739130434783,0
1971-05-14,1610612744,0022300308,120.0,0,0.3517664859765922,0.3517664859765922,0.14285714285714285,0
1971-05-14,1610612755,0022300128,119.0,0,0.546928365678496,0.546928365678496,0.5151692365432178,0
1971-05-14,1610612757,0022300245,110.0,0,0.37988395415792764,0.37988395415792764,0.3,0
1971-05-14,1610612754,0022300047,132.0,1,0.3571361552529965,0.3571361552529965,0.14285714285714285,0
1971-05-14,1610612754,0022300209,126.0,0,0.31595313719512286,0.31595313719512286,0.09060066514325595,0
1971-05-14,1610612763,0022300425,116.0,0,0.5687258754776077,0.5687258754776077,0.6521739130434783,0
1971-05-14,1610612743,0022300425,120.0,1,0.4193520114326198,0.4193520114326198,0.3,0
1971-05-14,1610612761,0022300092,103.0,1,0.5979667596239607,0.5979667596239607,0.6521739130434783,0
1971-05-14,1610612756,0022300308,116.0,1,0.49251741300710083,0.49251741300710083,0.48905389770898666,0
1971-05-14,1610612739,0022300452,111.0,1,0.641867120017053,0.641867120017053,0.6521739130434783,0
1971-05-14,1610612745,0022300182,122.0,0,0.3577980536621712,0.3577980536621712,0.14285714285714285,0
1971-05-14,1610612763,0022300470,106.0,1,0.7010335012762394,0.7010335012762394,1.0,0
1971-05-14,1610612761,0022300470,124.0,0,0.48053284572829713,0.48053284572829713,0.3,0
1971-05-14,1610612755,0022300092,119.0,0,0.5788146383470808,0.5788146383470808,0.6521739130434783,0
1971-05-14,1610612740,0022300461,115.0,0,0.5080722569345173,0.5080722569345173,0.5,0
1971-05-14,1610612751,0022300461,118.0,0,0.45071839221066334,0.45071839221066334,0.3,0
1971-05-14,1610612761,0022300452,119.0,1,0.6049595041420934,0.6049595041420934,0.6521739130434783,0
1971-05-14,1610612753,0022300407,111.0,1,0.6738973497900542,0.6738973497900542,0.8,0
1971-05-14,1610612743,0022300182,110.0,0,0.47184300979681554,0.47184300979681554,0.3,0
1971-05-14,1610612764,0022300407,118.0,1,0.5409723990275009,0.5409723990275009,0.5,0
1971-05-14,1610612764,0022300416,118.0,0,0.3997793883741651,0.3997793883741651,0.3,0
1971-05-14,1610612744,0022300236,110.0,1,0.38826996354000415,0.38826996354000415,0.3,0
1971-05-14,1610612739,0022300191,115.0,1,0.597829270252834,0.597829270252834,0.6521739130434783,0
1971-05-14,1610612758,0022300290,117.0,1,0.4413831823644981,0.4413831823644981,0.3,0
1971-05-14,1610612759,0022300083,112.0,1,0.6841230506707385,0.6841230506707385,0.8,0
1971-05-14,1610612751,0022300227,102.0,1,0.691284579164692,0.691284579164692,0.8,0
1971-05-14,1610612754,0022300146,124.0,1,0.5770067340843277,0.5770067340843277,0.6521739130434783,0
1971-05-14,1610612765,0022300218,109.0,0,0.42548780406822423,0.42548780406822423,0.3,0
1971-05-14,1610612743,0022300218,109.0,0,0.3260670557965921,0.3260670557965921,0.14285714285714285,0
1971-05-14,1610612737,0022300155,127.0,0,0.4294442427499245,0.4294442427499245,0.3,0
1971-05-14,1610612760,0022300155,108.0,1,0.642078596895559,0.642078596895559,0.6521739130434783,0
1971-05-14,1610612761,0022300416,111.0,1,0.39191364183329813,0.39191364183329813,0.3,0
1971-05-14,1610612737,0022300227,117.0,1,0.6158409638921288,0.6158409638921288,0.6521739130434783,0
1971-05-14,1610612759,0022300146,116.0,0,0.6663725289526603,0.6663725289526603,0.7159131027435954,0
1971-05-14,1610612765,0022300047,106.0,1,0.6973262819356243,0.6973262819356243,1.0,0
1971-05-14,1610612749,0022300056,130.0,1,0.5613476157795745,0.5613476157795745,0.6521739130434783,0
1971-05-14,1610612748,0022300056,111.0,1,0.6308943304902604,0.6308943304902604,0.6521739130434783,0
1971-05-14,1610612743,0022300290,119.0,0,0.5239596704654848,0.5239596704654848,0.5,0
1971-05-14,1610612745,0022300083,104.0,1,0.7129937457387391,0.7129937457387391,1.0,0
1971-05-14,1610612745,0022300137,115.0,0,0.38156198337162694,0.38156198337162694,0.3,0
1971-05-14,1610612758,0022300137,124.0,0,0.31733128545666534,0.31733128545666534,0.10621464466516725,0
1971-05-14,1610612756,0022300236,120.0,1,0.36180383193440124,0.36180383193440124,0.3,0
1971-05-14,1610612758,0022300191,101.0,1,0.5751421310803939,0.5751421310803939,0.6521739130434783,0
1971-05-14,1610612761,0022300128,103.0,0,0.5553942576261085,0.5553942576261085,0.6521739130434783,0
1971-05-14,1610612750,0022300443,113.0,0,0.5544385428620116,0.5544385428620116,0.6521739130434783,0
1971-05-14,1610612757,0022300074,103.0,1,0.4143391667249587,0.4143391667249587,0.3,0
1971-05-14,1610612759,0022300272,108.0,1,0.7245589185737765,0.7245589185737765,1.0,0
1971-05-14,1610612737,0022300371,125.0,1,0.44615616277256814,0.44615616277256814,0.3,0
1971-05-14,1610612737,0022300272,114.0,1,0.6367918878406421,0.6367918878406421,0.6521739130434783,0
1971-05-14,1610612754,0022300254,126.0,0,0.3688519941598812,0.3688519941598812,0.3,0
1971-05-14,1610612745,0022300371,117.0,1,0.38136415986641226,0.38136415986641226,0.3,0
1971-05-14,1610612747,0022300380,115.0,0,0.6159326344514828,0.6159326344514828,0.6521739130434783,0
1971-05-14,1610612755,0022300335,124.0,1,0.6062996486603456,0.6062996486603456,0.6521739130434783,0
1971-05-14,1610612757,0022300254,102.0,1,0.5683051009787741,0.5683051009787741,0.6521739130434783,0
1971-05-14,1610612753,0022300344,111.0,0,0.6366116361269543,0.6366116361269543,0.6521739130434783,0
1971-05-14,1610612740,0022300326,121.0,0,0.545213412587919,0.545213412587919,0.5,0
1971-05-14,1610612738,0022300362,120.0,1,0.6357086620498614,0.6357086620498614,0.6521739130434783,0
1971-05-14,1610612744,0022300362,116.0,1,0.3597775981862261,0.3597775981862261,0.3,0
1971-05-14,1610612746,0022300074,107.0,1,0.3279146476912707,0.3279146476912707,0.14285714285714285,0
1971-05-14,1610612749,0022300173,122.0,0,0.4674197601222293,0.4674197601222293,0.3,0
1971-05-14,1610612766,0022300281,117.0,0,0.5496557775575324,0.5496557775575324,0.6271865591078781,0
1971-05-14,1610612752,0022300065,110.0,0,0.6816749408381599,0.6816749408381599,0.8,0
1971-05-14,1610612750,0022300281,117.0,1,0.6558283128154041,0.6558283128154041,0.6521739130434783,0
1971-05-14,1610612750,0022300380,113.0,1,0.6808682777252361,0.6808682777252361,0.8,0
1971-05-14,1610612751,0022300119,120.0,0,0.6414182344015765,0.6414182344015765,0.6521739130434783,0
1971-05-14,1610612745,0022300263,111.0,1,0.3988666653602517,0.3988666653602517,0.3,0
1971-05-14,1610612766,0022300335,114.0,0,0.49232803048427914,0.49232803048427914,0.4785097617521852,0
1971-05-14,1610612747,0022300443,115.0,0,0.6041174475195487,0.6041174475195487,0.6521739130434783,0
1971-05-14,1610612745,0022300434,117.0,1,0.4353875862395514,0.4353875862395514,0.3,0
1971-05-14,1610612755,0022300434,113.0,1,0.6131446477328965,0.6131446477328965,0.6521739130434783,0
1971-05-14,1610612761,0022300038,105.0,1,0.47656192120001645,0.47656192120001645,0.3,0
1971-05-14,1610612753,0022300038,103.5,1,0.6958689862458531,0.6958689862458531,1.0,0
1971-05-14,1610612748,0022300353,116.0,0,0.5393387638712718,0.5393387638712718,0.5,0
1971-05-14,1610612756,0022300317,116.0,0,0.42845617781628687,0.42845617781628687,0.38461538461538464,1
1971-05-14,1610612763,0022300164,109.0,0,0.6669798261318032,0.6669798261318032,0.8571428571428571,1
1971-05-14,1610612748,0022300164,108.0,0,0.6357458407696921,0.6357458407696921,0.68,1
1971-05-14,1610612751,0022300317,118.0,0,0.5843759333049611,0.5843759333049611,0.68,1
1971-05-14,1610612738,0022300065,114.5,0,0.5430332057285716,0.5430332057285716,0.46875,1
1971-05-14,1610612753,0022300209,112.0,1,0.6601611697768816,0.6601611697768816,0.7929639594349407,1
1971-05-14,1610612755,0022300029,120.0,1,0.4971183615328463,0.4971183615328463,0.46875,1
1971-05-14,1610612766,0022300326,117.0,0,0.5145341127119357,0.5145341127119357,0.46875,1
1971-05-14,1610612748,0022300119,111.0,0,0.5828450147865147,0.5828450147865147,0.68,1
1971-05-14,1610612738,0022300344,120.0,0,0.5517872999621821,0.5517872999621821,0.46875,1
1971-05-14,1610612743,0022300263,113.0,1,0.6194453894904062,0.6194453894904062,0.68,1
1971-05-14,1610612753,0022300173,115.0,0,0.6364808342730288,0.6364808342730288,0.68,1
1971-05-14,1610612749,0022300245,128.0,0,0.44408563785129024,0.44408563785129024,0.38461538461538464,1
1971-05-14,1610612750,0022300353,119.0,0,0.5067195956955112,0.5067195956955112,0.46875,1
1971-05-15,1610612762,0022300138,113.0,0,0.45111221909131777,0.45111221909131777,0.4078985757952383,1
1971-05-15,1610612757,0022300237,100.0,1,0.5737902693609435,0.5737902693609435,0.46875,1
1971-05-15,1610612758,0022300264,125.0,0,0.3405270997016992,0.3405270997016992,0.0,1
1971-05-15,1610612746,0022300273,109.0,1,0.49722038003148933,0.49722038003148933,0.46875,1
1971-05-15,1610612744,0022300273,115.0,1,0.43982211438776414,0.43982211438776414,0.38461538461538464,1
1971-05-15,1610612740,0022300183,110.0,1,0.6277916559255294,0.6277916559255294,0.68,1
1971-05-15,1610612742,0022300183,117.0,1,0.6666380771025081,0.6666380771025081,0.8571428571428571,1
1971-05-15,1610612753,0022300147,103.0,0,0.6483596139711337,0.6483596139711337,0.740464139421269,1
1971-05-15,1610612748,0022300093,111.0,0,0.38508988961630236,0.38508988961630236,0.25,1
1971-05-15,1610612746,0022300264,107.0,1,0.625027430009819,0.625027430009819,0.68,1
1971-05-15,1610612755,0022300075,122.5,0,0.4627528548487143,0.4627528548487143,0.46875,1
1971-05-15,1610612750,0022300093,106.0,0,0.49104463729990255,0.49104463729990255,0.46875,1
1971-05-15,1610612757,0022300381,114.0,1,0.46744208318885216,0.46744208318885216,0.46875,1
1971-05-15,1610612749,0022300417,128.0,1,0.5450546840862941,0.5450546840862941,0.46875,1
1971-05-15,1610612766,0022300057,105.0,0,0.625288610727511,0.625288610727511,0.68,1
1971-05-15,1610612752,0022300057,105.0,1,0.6222607737758726,0.6222607737758726,0.68,1
1971-05-15,1610612741,0022300408,114.0,1,0.6320156853956845,0.6320156853956845,0.68,1
1971-05-15,1610612747,0022300255,110.0,0,0.5237319882963879,0.5237319882963879,0.46875,1
1971-05-15,1610612762,0022300237,113.0,0,0.3540421818725238,0.3540421818725238,0.1991163287476204,1
1971-05-15,1610612747,0022300291,110.0,0,0.6321403348303747,0.6321403348303747,0.68,1
1971-05-15,1610612738,0022300174,124.0,0,0.3604287103445482,0.3604287103445482,0.25,1
1971-05-15,1610612764,0022300192,121.0,0,0.4596027504638958,0.4596027504638958,0.46875,1
1971-05-15,1610612745,0022300066,104.5,0,0.4477672991771817,0.4477672991771817,0.38461538461538464,1
1971-05-15,1610612743,0022300156,110.0,1,0.629974904592154,0.629974904592154,0.68,1
1971-05-15,1610612738,0022300246,117.0,0,0.3503391158242059,0.3503391158242059,0.0,1
1971-05-15,1610612737,0022300246,120.0,0,0.35733276634958566,0.35733276634958566,0.25,1
1971-05-15,1610612765,0022300129,111.0,1,0.46905496632646004,0.46905496632646004,0.46875,1
1971-05-15,1610612742,0022300192,117.0,1,0.6523922612606945,0.6523922612606945,0.75,1
1971-05-15,1610612751,0022300282,118.0,1,0.4953861458845541,0.4953861458845541,0.46875,1
1971-05-15,1610612753,0022300282,130.0,0,0.39550472837613115,0.39550472837613115,0.3333333333333333,1
1971-05-15,1610612765,0022300165,109.0,1,0.5870083425406768,0.5870083425406768,0.68,1
1971-05-15,1610612749,0022300165,118.0,1,0.4394810377716742,0.4394810377716742,0.38461538461538464,1
1971-05-15,1610612755,0022300255,121.0,1,0.5379734244630616,0.5379734244630616,0.46875,1
1971-05-15,1610612761,0022300174,123.0,0,0.36770015958057,0.36770015958057,0.25,1
1971-05-15,1610612740,0022300129,110.0,1,0.6316974010330737,0.6316974010330737,0.68,1
1971-05-15,1610612764,0022300219,117.0,1,0.5669141149664667,0.5669141149664667,0.46875,1
1971-05-15,1610612749,0022300219,124.0,1,0.5821081451414887,0.5821081451414887,0.68,1
1971-05-15,1610612750,0022300138,106.0,1,0.6641659377009678,0.6641659377009678,0.8571428571428571,1
1971-05-15,1610612742,0022300147,125.0,0,0.5474752394564582,0.5474752394564582,0.46875,1
1971-05-15,1610612749,0022300228,128.0,0,0.47613952502599066,0.47613952502599066,0.46875,1
1971-05-15,1610612738,0022300228,117.0,1,0.45746099137638657,0.45746099137638657,0.46875,1
1971-05-15,1610612745,0022300291,111.0,0,0.44002967170523366,0.44002967170523366,0.38461538461538464,1
1971-05-15,1610612766,0022300390,104.0,0,0.6823816985179815,0.6823816985179815,0.8571428571428571,1
1971-05-15,1610612740,0022300156,105.0,1,0.4543844160310528,0.4543844160310528,0.44912448699300656,1
1971-05-15,1610612764,0022300381,122.0,0,0.38520224175432466,0.38520224175432466,0.25,1
1971-05-15,1610612744,0022300444,126.0,0,0.3879004838373699,0.3879004838373699,0.25,1
1971-05-15,1610612742,0022300444,110.0,1,0.6850004724130291,0.6850004724130291,0.8571428571428571,1
1971-05-15,1610612743,0022300435,120.0,0,0.35700717165999146,0.35700717165999146,0.25,1
1971-05-15,1610612760,0022300435,129.0,0,0.35514040808434555,0.35514040808434555,0.25,1
1971-05-15,1610612754,0022300039,126.5,1,0.5654488981615665,0.5654488981615665,0.46875,1
1971-05-15,1610612737,0022300039,121.0,1,0.4864302204223054,0.4864302204223054,0.46875,1
1971-05-15,1610612744,0022300426,126.0,0,0.3674048968589379,0.3674048968589379,0.25,1
1971-05-15,1610612749,0022300075,130.5,0,0.4289480951012993,0.4289480951012993,0.38461538461538464,1
1971-05-15,1610612765,0022300453,115.0,0,0.5677496792358411,0.5677496792358411,0.46875,1
1971-05-15,1610612737,0022300408,119.0,0,0.514260580335207,0.514260580335207,0.46875,1
1971-05-15,1610612737,0022300336,125.0,0,0.590553707218703,0.590553707218703,0.68,1
1971-05-15,1610612765,0022300327,111.0,0,0.3507695630256944,0.3507695630256944,0.0,1
1971-05-15,1610612755,0022300327,129.0,0,0.4457007113520494,0.4457007113520494,0.38461538461538464,1
1971-05-15,1610612758,0022300309,117.0,0,0.33132993051613646,0.33132993051613646,0.0,1
1971-05-15,1610612742,0022300084,121.0,1,0.464206496385799,0.464206496385799,0.46875,1
1971-05-15,1610612762,0022300318,114.0,1,0.6051749321974086,0.6051749321974086,0.68,1
1971-05-15,1610612751,0022300084,113.0,1,0.43139435065772874,0.43139435065772874,0.38461538461538464,1
1971-05-15,1610612743,0022300390,122.0,0,0.3434691425286846,0.3434691425286846,0.0,1
1971-05-15,1610612752,0022300318,118.0,0,0.690445608553943,0.690445608553943,1.0,1
1971-05-15,1610612745,0022300453,117.0,1,0.6160662424183373,0.6160662424183373,0.68,1
1971-05-15,1610612746,0022300309,114.0,1,0.49057308356287355,0.49057308356287355,0.46875,1
1971-05-15,1610612760,0022300462,124.0,1,0.3768027897646258,0.3768027897646258,0.25,1
1971-05-15,1610612739,0022300336,107.0,1,0.6831761549189612,0.6831761549189612,0.8571428571428571,1
1971-05-15,1610612742,0022300372,120.0,0,0.6672896895618402,0.6672896895618402,0.8571428571428571,1
1971-05-15,1610612746,0022300372,132.0,0,0.3252596961498114,0.3252596961498114,0.0,1
1971-05-15,1610612757,0022300363,114.0,0,0.4247115186830582,0.4247115186830582,0.38461538461538464,1
1971-05-15,1610612756,0022300363,116.0,0,0.5899272494950496,0.5899272494950496,0.68,1
1971-05-15,1610612761,0022300354,112.0,1,0.37599363334588376,0.37599363334588376,0.25,1
1971-05-15,1610612738,0022300462,128.0,0,0.3952260960225677,0.3952260960225677,0.3333333333333333,1
1971-05-15,1610612766,0022300354,107.0,0,0.5598049057600967,0.5598049057600967,0.46875,1
1971-05-15,1610612759,0022300345,119.0,0,0.6554587231027724,0.6554587231027724,0.75,1
1971-05-15,1610612740,0022300345,121.0,1,0.6596268020764889,0.6596268020764889,0.765505607041452,1
1971-05-15,1610612745,0022300048,102.0,1,0.6322523402709074,0.6322523402709074,0.68,1
1971-05-15,1610612743,0022300048,111.0,0,0.5500422203813269,0.5500422203813269,0.46875,1
1971-05-15,1610612748,0022300426,118.0,0,0.47428310414931096,0.47428310414931096,0.46875,1
1971-05-15,1610612740,0022301092,117.0,0,0.6873884616707128,0.6873884616707128,1.0,1
1971-05-15,1610612756,0022301092,113.0,1,0.5883623953102693,0.5883623953102693,0.68,1
1971-05-15,1610612754,0022300480,123.0,1,0.6842106682171835,0.6842106682171835,0.8571428571428571,1
1971-05-15,1610612737,0022300480,119.0,0,0.598115451098821,0.598115451098821,0.68,1
1971-05-15,1610612750,0022300471,108.0,0,0.6423707389329373,0.6423707389329373,0.68,1
1971-05-15,1610612740,0022300471,112.0,1,0.5369174670142626,0.5369174670142626,0.46875,1
1971-05-15,1610612751,0022300417,117.0,1,0.44560488192731534,0.44560488192731534,0.4444444444444444,2
1971-05-16,1610612744,0022300463,122.0,0,0.4033516860012553,0.4033516860012553,0.4166666666666667,2
1971-05-16,1610612754,0022300328,131.0,0,0.4082139519468309,0.4082139519468309,0.4166666666666667,2
1971-05-16,1610612742,0022300472,110.0,1,0.5679314578882126,0.5679314578882126,0.6666666666666666,2
1971-05-16,1610612744,0022300490,121.0,0,0.44268688188664346,0.44268688188664346,0.4444444444444444,2
1971-05-16,1610612751,0022300481,104.0,1,0.5255087414258348,0.5255087414258348,0.5405405405405406,2
1971-05-16,1610612765,0022300490,122.0,0,0.3695353350042046,0.3695353350042046,0.4166666666666667,2
1971-05-16,1610612760,0022300481,127.0,0,0.478961039484095,0.478961039484095,0.5405405405405406,2
1971-05-16,1610612753,0022300463,117.0,0,0.3158443764997554,0.3158443764997554,0.06709968884061732,2
1971-05-16,1610612759,0022300184,115.0,0,0.3626845734422092,0.3626845734422092,0.4166666666666667,2
1971-05-16,1610612739,0022300319,105.0,1,0.5160991092414124,0.5160991092414124,0.5405405405405406,2
1971-05-16,1610612738,0022300319,119.0,0,0.3070802595729748,0.3070802595729748,0.0,2
1971-05-16,1610612756,0022300076,119.0,0,0.34451484911374225,0.34451484911374225,0.4166666666666667,2
1971-05-16,1610612762,0022300085,115.0,1,0.48663399113313865,0.48663399113313865,0.5405405405405406,2
1971-05-16,1610612746,0022300085,108.0,1,0.41416705937246395,0.41416705937246395,0.4166666666666667,2
1971-05-16,1610612748,0022300292,129.0,0,0.2956094963208614,0.2956094963208614,0.0,2
1971-05-16,1610612742,0022300634,126.0,1,0.5471770871767843,0.5471770871767843,0.6666666666666666,2
1971-05-16,1610612749,0022300454,122.0,0,0.3377503271436507,0.3377503271436507,0.2,2
1971-05-16,1610612766,0022300292,117.0,0,0.5644294478235461,0.5644294478235461,0.6666666666666666,2
1971-05-16,1610612737,0022300634,116.0,1,0.5793223339393563,0.5793223339393563,0.6666666666666666,2
1971-05-16,1610612739,0022300283,105.0,1,0.5132556424505151,0.5132556424505151,0.5405405405405406,2
1971-05-16,1610612748,0022300175,108.0,1,0.4555743657550032,0.4555743657550032,0.4444444444444444,2
1971-05-16,1610612741,0022300337,124.0,0,0.2995674459600456,0.2995674459600456,0.0,2
1971-05-16,1610612754,0022300454,120.0,1,0.5169578069550209,0.5169578069550209,0.5405405405405406,2
1971-05-16,1610612740,0022300166,110.0,0,0.4685922312692982,0.4685922312692982,0.5,2
1971-05-16,1610612764,0022300445,118.0,1,0.34084325875979027,0.34084325875979027,0.2,2
1971-05-16,1610612750,0022300166,113.0,1,0.49741059969916723,0.49741059969916723,0.5405405405405406,2
1971-05-16,1610612756,0022300436,112.0,1,0.5353369243474929,0.5353369243474929,0.6142474042424001,2
1971-05-16,1610612766,0022300436,104.0,1,0.5801173838544671,0.5801173838544671,0.6666666666666666,2
1971-05-16,1610612747,0022300076,122.0,0,0.5195111001056956,0.5195111001056956,0.5405405405405406,2
1971-05-16,1610612737,0022300175,123.0,0,0.41729296122986476,0.41729296122986476,0.4166666666666667,2
1971-05-16,1610612737,0022300445,113.0,1,0.588103399083717,0.588103399083717,0.6666666666666666,2
1971-05-16,1610612737,0022300193,120.0,0,0.41227085807223696,0.41227085807223696,0.4166666666666667,2
1971-05-16,1610612765,0022300283,107.0,0,0.435477887773977,0.435477887773977,0.4444444444444444,2
1971-05-16,1610612748,0022300337,116.0,1,0.4088336253454102,0.4088336253454102,0.4166666666666667,2
1971-05-16,1610612761,0022300382,114.0,0,0.375881575932267,0.375881575932267,0.4166666666666667,2
1971-05-16,1610612764,0022300328,122.0,1,0.32522882720134866,0.32522882720134866,0.16666666666666666,2
1971-05-16,1610612757,0022300472,106.0,0,0.5638677275488506,0.5638677275488506,0.6666666666666666,2
1971-05-16,1610612756,0022300094,110.0,1,0.5601181606020579,0.5601181606020579,0.6666666666666666,2
1971-05-16,1610612762,0022300094,115.0,0,0.3952405615371518,0.3952405615371518,0.4166666666666667,2
1971-05-16,1610612752,0022300193,111.0,1,0.4620425702350134,0.4620425702350134,0.5,2
1971-05-16,1610612748,0022300184,108.0,1,0.5318093202507828,0.5318093202507828,0.5405405405405406,2
1971-05-16,1610612743,0022300139,110.0,1,0.5025854283727397,0.5025854283727397,0.5405405405405406,2
1971-05-16,1610612757,0022300427,114.0,0,0.5423120669563491,0.5423120669563491,0.6666666666666666,2
1971-05-16,1610612755,0022300382,127.0,0,0.31117911776711454,0.31117911776711454,0.0,2
1971-05-16,1610612740,0022300256,120.0,0,0.4060783337898303,0.4060783337898303,0.4166666666666667,2
1971-05-16,1610612748,0022300229,118.0,1,0.4292601895787847,0.4292601895787847,0.4444444444444444,2
1971-05-16,1610612741,0022300139,104.0,0,0.48354111034294206,0.48354111034294206,0.5405405405405406,2
1971-05-16,1610612755,0022300148,114.0,1,0.5296323080748285,0.5296323080748285,0.5405405405405406,2
1971-05-16,1610612763,0022300355,108.0,0,0.47296909996255787,0.47296909996255787,0.5405405405405406,2
1971-05-16,1610612745,0022300418,122.0,0,0.4937065361119747,0.4937065361119747,0.5405405405405406,2
1971-05-16,1610612756,0022300418,112.0,1,0.4471318621879678,0.4471318621879678,0.4444444444444444,2
1971-05-16,1610612749,0022300346,133.0,0,0.30398618158875323,0.30398618158875323,0.0,2
1971-05-16,1610612764,0022300157,120.0,1,0.3593724527038103,0.3593724527038103,0.4166666666666667,2
1971-05-16,1610612764,0022300274,120.0,1,0.3668272949878905,0.3668272949878905,0.4166666666666667,2
1971-05-16,1610612753,0022300274,128.0,1,0.3056941162275847,0.3056941162275847,0.0,2
1971-05-16,1610612766,0022300157,119.0,0,0.5656246261738792,0.5656246261738792,0.6666666666666666,2
1971-05-16,1610612749,0022300049,120.0,1,0.3112242904157738,0.3112242904157738,0.0,2
1971-05-16,1610612760,0022300355,126.0,0,0.3728463169924295,0.3728463169924295,0.4166666666666667,2
1971-05-16,1610612759,0022300427,118.0,0,0.46460461320241936,0.46460461320241936,0.5,2
1971-05-16,1610612745,0022300346,103.0,1,0.534014601840599,0.534014601840599,0.563931834008509,2
1971-05-16,1610612753,0022300391,106.0,1,0.4247095593278213,0.4247095593278213,0.4166666666666667,2
1971-05-16,1610612754,0022300391,123.0,0,0.47867593276019077,0.47867593276019077,0.5405405405405406,2
1971-05-16,1610612764,0022300049,114.0,1,0.412046820933875,0.412046820933875,0.4166666666666667,2
1971-05-16,1610612739,0022300067,119.0,0,0.3312368163560647,0.3312368163560647,0.16666666666666666,2
1971-05-16,1610612751,0022300067,112.0,1,0.3077650513505051,0.3077650513505051,0.0,2
1971-05-16,1610612739,0022300229,120.0,0,0.39410212407409384,0.39410212407409384,0.4166666666666667,2
1971-05-16,1610612760,0022300058,123.0,0,0.40077996051659814,0.40077996051659814,0.4166666666666667,2
1971-05-16,1610612739,0022300265,109.0,0,0.5016090195787788,0.5016090195787788,0.5405405405405406,2
1971-05-16,1610612757,0022300265,102.0,1,0.5496067429800803,0.5496067429800803,0.6666666666666666,2
1971-05-16,1610612750,0022300058,111.0,0,0.5223512300538631,0.5223512300538631,0.5405405405405406,2
1971-05-16,1610612762,0022300364,120.0,0,0.38219965395532324,0.38219965395532324,0.4166666666666667,2
1971-05-16,1610612739,0022300364,113.0,1,0.47726912345822037,0.47726912345822037,0.5405405405405406,2
1971-05-16,1610612764,0022300148,120.0,1,0.38077215739662384,0.38077215739662384,0.4166666666666667,2
1971-05-16,1610612754,0022300409,110.0,1,0.5396202355301877,0.5396202355301877,0.6666666666666666,2
1971-05-16,1610612742,0022300238,125.0,0,0.44575143590214344,0.44575143590214344,0.4444444444444444,2
1971-05-16,1610612747,0022300238,107.0,0,0.49875642829779987,0.49875642829779987,0.5405405405405406,2
1971-05-16,1610612756,0022300247,123.0,0,0.30329903080302023,0.30329903080302023,0.0,2
1971-05-16,1610612752,0022300247,116.0,0,0.5237766998209478,0.5237766998209478,0.5405405405405406,2
1971-05-16,1610612762,0022300256,113.0,1,0.5494694923353386,0.5494694923353386,0.6666666666666666,2
1971-05-16,1610612738,0022300373,120.0,1,0.36576902649445875,0.36576902649445875,0.4166666666666667,2
1971-05-16,1610612745,0022300409,122.0,0,0.4519733343933512,0.4519733343933512,0.4444444444444444,2
1971-05-16,1610612758,0022300373,128.0,0,0.3812177816898897,0.3812177816898897,0.4166666666666667,2
1971-05-17,1610612753,0022300329,130.0,0,0.28601132219935466,0.28601132219935466,0.0,2
1971-05-17,1610612746,0022300257,107.0,0,0.45866038062511033,0.45866038062511033,0.4444444444444444,2
1971-05-17,1610612754,0022300338,131.0,0,0.2968872442688765,0.2968872442688765,0.0,2
1971-05-17,1610612750,0022300338,119.0,1,0.3101629065077637,0.3101629065077637,0.0,2
1971-05-17,1610612754,0022300365,126.0,1,0.4059437278576866,0.4059437278576866,0.4166666666666667,2
1971-05-17,1610612766,0022300365,104.0,1,0.5816262678108967,0.5816262678108967,0.6666666666666666,2
1971-05-17,1610612745,0022300059,104.0,1,0.57145359683245,0.57145359683245,0.6666666666666666,2
1971-05-17,1610612754,0022300293,131.0,0,0.37848967359130836,0.37848967359130836,0.4166666666666667,2
1971-05-17,1610612738,0022300329,119.0,1,0.38430142229021924,0.38430142229021924,0.4166666666666667,2
1971-05-17,1610612755,0022300275,121.0,0,0.33103104260309985,0.33103104260309985,0.16666666666666666,2
1971-05-17,1610612739,0022300482,113.0,1,0.3742446465443771,0.3742446465443771,0.4166666666666667,2
1971-05-17,1610612742,0022300059,114.0,1,0.5064924044246462,0.5064924044246462,0.5405405405405406,2
1971-05-17,1610612760,0022300239,128.0,0,0.38616228234360805,0.38616228234360805,0.4166666666666667,2
1971-05-17,1610612748,0022300284,118.0,1,0.3730698429606744,0.3730698429606744,0.4166666666666667,2
1971-05-17,1610612753,0022300086,113.0,0,0.33174285610293514,0.33174285610293514,0.18386499151155417,2
1971-05-17,1610612765,0022300077,106.0,1,0.5340865536511757,0.5340865536511757,0.566669191269905,2
1971-05-17,1610612757,0022300086,107.0,0,0.44499046932479375,0.44499046932479375,0.4444444444444444,2
1971-05-17,1610612765,0022300374,114.0,0,0.3407013241758125,0.3407013241758125,0.3548387096774194,3
1971-05-17,1610612749,0022300149,118.0,1,0.3334761423217541,0.3334761423217541,0.3548387096774194,3
1971-05-17,1610612751,0022300266,115.0,1,0.33955250299656214,0.33955250299656214,0.3548387096774194,3
1971-05-17,1610612738,0022300275,117.0,1,0.45011341367766017,0.45011341367766017,0.4666666666666667,3
1971-05-17,1610612743,0022300356,117.0,1,0.4192359864886222,0.4192359864886222,0.4666666666666667,3
1971-05-17,1610612742,0022300356,120.0,0,0.4384023622360934,0.4384023622360934,0.4666666666666667,3
1971-05-17,1610612764,0022300347,122.0,0,0.2632665105616829,0.2632665105616829,0.14285714285714285,3
1971-05-17,1610612756,0022300347,116.0,0,0.5522928016405918,0.5522928016405918,0.5714285714285714,3
1971-05-17,1610612743,0022300095,110.0,1,0.40843157515845735,0.40843157515845735,0.404008116424475,3
1971-05-17,1610612760,0022300095,108.0,0,0.6675679757833963,0.6675679757833963,1.0,3
1971-05-17,1610612748,0022300068,116.0,0,0.33972676302604193,0.33972676302604193,0.3548387096774194,3
1971-05-17,1610612765,0022300293,107.0,1,0.6476118728373101,0.6476118728373101,0.7857142857142857,3
1971-05-17,1610612766,0022300266,117.0,1,0.35321321704104014,0.35321321704104014,0.3548387096774194,3
1971-05-17,1610612754,0022300284,126.0,1,0.2722788499872043,0.2722788499872043,0.14285714285714285,3
1971-05-17,1610612743,0022300257,109.0,1,0.5515163508797571,0.5515163508797571,0.5714285714285714,3
1971-05-17,1610612762,0022300374,117.0,1,0.4423462173807905,0.4423462173807905,0.4666666666666667,3
1971-05-17,1610612766,0022300077,105.0,0,0.6625243298581379,0.6625243298581379,1.0,3
1971-05-17,1610612756,0022300473,114.0,1,0.3255918295683841,0.3255918295683841,0.324238383897012,3
1971-05-17,1610612747,0022300428,111.0,1,0.6247331294703504,0.6247331294703504,0.7857142857142857,3
1971-05-17,1610612758,0022300464,117.0,0,0.4269686360056346,0.4269686360056346,0.4666666666666667,3
1971-05-17,1610612751,0022300383,108.0,1,0.5173076132056894,0.5173076132056894,0.5,3
1971-05-17,1610612753,0022300248,119.0,1,0.29713592642358433,0.29713592642358433,0.2,3
1971-05-17,1610612739,0022300167,105.0,1,0.6312740129428561,0.6312740129428561,0.7857142857142857,3
1971-05-17,1610612760,0022300167,108.0,1,0.6332581768340292,0.6332581768340292,0.7857142857142857,3
1971-05-17,1610612745,0022300392,122.0,0,0.5048225937403518,0.5048225937403518,0.4666666666666667,3
1971-05-17,1610612740,0022300392,123.0,0,0.33934196268791056,0.33934196268791056,0.3548387096774194,3
1971-05-17,1610612762,0022300158,113.0,1,0.64749862096521,0.64749862096521,0.7857142857142857,3
1971-05-17,1610612754,0022300158,124.0,1,0.4913593965611366,0.4913593965611366,0.4666666666666667,3
1971-05-17,1610612751,0022300149,114.0,1,0.40130527928579707,0.40130527928579707,0.3548387096774194,3
1971-05-17,1610612755,0022300608,109.0,1,0.550841851153203,0.550841851153203,0.5714285714285714,3
1971-05-17,1610612766,0022300248,116.0,1,0.5735782278209719,0.5735782278209719,0.5714285714285714,3
1971-05-17,1610612763,0022300491,106.0,1,0.4100030167208446,0.4100030167208446,0.43450989435352616,3
1971-05-17,1610612744,0022300176,105.0,1,0.6636452413788557,0.6636452413788557,1.0,3
1971-05-17,1610612759,0022300608,115.0,1,0.5765421254825488,0.5765421254825488,0.5714285714285714,3
1971-05-17,1610612746,0022300473,115.0,1,0.33182522739137643,0.33182522739137643,0.3333333333333333,3
1971-05-17,1610612743,0022300383,117.0,1,0.36100370215039385,0.36100370215039385,0.3548387096774194,3
1971-05-17,1610612766,0022300428,99.0,1,0.6814633356164895,0.6814633356164895,1.0,3
1971-05-17,1610612747,0022300491,109.0,1,0.5747019376556916,0.5747019376556916,0.5714285714285714,3
1971-05-17,1610612765,0022300068,109.5,0,0.4805717312229657,0.4805717312229657,0.4666666666666667,3
1971-05-17,1610612739,0022300176,113.0,1,0.47535118266950566,0.47535118266950566,0.4666666666666667,3
1971-05-17,1610612766,0022300464,104.0,1,0.6410270323176992,0.6410270323176992,0.7857142857142857,3
1971-05-17,1610612757,0022300437,109.0,1,0.6669250795217468,0.6669250795217468,1.0,3
1971-05-17,1610612755,0022300194,114.0,0,0.3372625839679999,0.3372625839679999,0.3548387096774194,3
1971-05-17,1610612738,0022300194,114.0,1,0.363013108038801,0.363013108038801,0.3548387096774194,3
1971-05-17,1610612760,0022300419,120.0,1,0.5006880661249754,0.5006880661249754,0.4666666666666667,3
1971-05-17,1610612760,0022300185,124.0,0,0.44598528667774673,0.44598528667774673,0.4666666666666667,3
1971-05-17,1610612759,0022300437,118.0,1,0.4946483990145615,0.4946483990145615,0.4666666666666667,3
1971-05-17,1610612743,0022300455,120.0,0,0.350417606798738,0.350417606798738,0.3548387096774194,3
1971-05-17,1610612766,0022300455,112.0,0,0.6202660655421852,0.6202660655421852,0.7857142857142857,3
1971-05-17,1610612752,0022300419,121.0,0,0.39213478401331653,0.39213478401331653,0.3548387096774194,3
1971-05-17,1610612740,0022300446,113.0,1,0.5908966842088397,0.5908966842088397,0.5714285714285714,3
1971-05-17,1610612747,0022300446,115.0,0,0.6350941219992747,0.6350941219992747,0.7857142857142857,3
1971-05-17,1610612764,0022300482,110.0,0,0.29321964982932286,0.29321964982932286,0.2,3
1971-05-17,1610612756,0022300185,116.0,0,0.5376430369854331,0.5376430369854331,0.5714285714285714,3
1971-05-17,1610612755,0022300239,107.0,1,0.6210133993509723,0.6210133993509723,0.7857142857142857,3
1971-05-18,1610612744,0022300096,118.0,0,0.3943312900078915,0.3943312900078915,0.3548387096774194,3
1971-05-18,1610612761,0022300069,106.0,0,0.5896152095340663,0.5896152095340663,0.5714285714285714,3
1971-05-18,1610612761,0022300195,111.0,1,0.608528371123618,0.608528371123618,0.7857142857142857,3
1971-05-18,1610612743,0022300078,111.0,0,0.5353928776554966,0.5353928776554966,0.5714285714285714,3
1971-05-18,1610612763,0022300078,107.0,0,0.4503636953823804,0.4503636953823804,0.4666666666666667,3
1971-05-18,1610612760,0022300447,129.0,0,0.4910269478582193,0.4910269478582193,0.4666666666666667,3
1971-05-18,1610612740,0022300285,117.0,1,0.3606835223966317,0.3606835223966317,0.3548387096774194,3
1971-05-18,1610612751,0022300447,118.0,0,0.358535129361147,0.358535129361147,0.3548387096774194,3
1971-05-18,1610612741,0022300285,102.0,1,0.376844955833776,0.376844955833776,0.3548387096774194,3
1971-05-18,1610612757,0022300456,117.0,0,0.44190791369093274,0.44190791369093274,0.4666666666666667,3
1971-05-18,1610612763,0022300393,104.0,1,0.6461497778877333,0.6461497778877333,0.7857142857142857,3
1971-05-18,1610612756,0022300456,114.0,0,0.45931779499842984,0.45931779499842984,0.4666666666666667,3
1971-05-18,1610612763,0022300249,102.0,0,0.6465145995438331,0.6465145995438331,0.7857142857142857,3
1971-05-18,1610612747,0022300258,105.0,1,0.6663306225080411,0.6663306225080411,1.0,3
1971-05-18,1610612737,0022300384,128.0,0,0.49060100610618396,0.49060100610618396,0.4666666666666667,3
1971-05-18,1610612765,0022300258,108.0,0,0.6128899145883269,0.6128899145883269,0.7857142857142857,3
1971-05-18,1610612739,0022300375,124.0,0,0.24276277119830522,0.24276277119830522,0.0,3
1971-05-18,1610612745,0022300096,105.0,0,0.6455147529827497,0.6455147529827497,0.7857142857142857,3
1971-05-18,1610612753,0022300366,104.0,1,0.6127087977608348,0.6127087977608348,0.7857142857142857,3
1971-05-18,1610612750,0022300069,108.5,0,0.5014550857421927,0.5014550857421927,0.4666666666666667,3
1971-05-18,1610612748,0022300384,115.0,1,0.369133259690538,0.369133259690538,0.3548387096774194,3
1971-05-18,1610612750,0022300249,116.0,1,0.4787968895361783,0.4787968895361783,0.4666666666666667,3
1971-05-18,1610612748,0022300366,116.0,0,0.2961149287723536,0.2961149287723536,0.2,3
1971-05-18,1610612737,0022300393,125.0,0,0.4513151932049987,0.4513151932049987,0.4666666666666667,3
1971-05-18,1610612762,0022300357,118.0,1,0.5427867272478232,0.5427867272478232,0.5714285714285714,3
1971-05-18,1610612751,0022300357,118.0,0,0.3665521525693059,0.3665521525693059,0.3548387096774194,3
1971-05-18,1610612754,0022300267,126.0,1,0.4645602239781386,0.4645602239781386,0.4666666666666667,3
1971-05-18,1610612748,0022300267,118.0,1,0.4182577201426418,0.4182577201426418,0.4666666666666667,3
1971-05-18,1610612744,0022300186,105.0,1,0.6536201385289219,0.6536201385289219,1.0,3
1971-05-18,1610612740,0022300375,121.0,1,0.25244041130867134,0.25244041130867134,0.06948186599176981,3
1971-05-18,1610612750,0022300186,114.0,1,0.42659984343282165,0.42659984343282165,0.4666666666666667,3
1971-05-18,1610612765,0022300474,115.0,1,0.5244421679461888,0.5244421679461888,0.5714285714285714,3
1971-05-18,1610612753,0022300294,130.0,0,0.24760503598691078,0.24760503598691078,0.0,3
1971-05-18,1610612744,0022300348,116.0,1,0.4051238250646516,0.4051238250646516,0.3548387096774194,3
1971-05-18,1610612763,0022300438,116.0,0,0.49348851867052207,0.49348851867052207,0.4666666666666667,3
1971-05-18,1610612761,0022300168,107.0,1,0.528776693069499,0.528776693069499,0.5714285714285714,3
1971-05-18,1610612739,0022300294,105.0,0,0.5456210459803789,0.5456210459803789,0.5714285714285714,3
1971-05-18,1610612751,0022300339,118.0,1,0.2671539020620408,0.2671539020620408,0.14285714285714285,3
1971-05-18,1610612744,0022300339,115.0,1,0.6306386087214865,0.6306386087214865,0.7857142857142857,3
1971-05-18,1610612738,0022300159,124.0,0,0.2955296405026347,0.2955296405026347,0.2,3
1971-05-18,1610612755,0022300159,114.0,0,0.4990548383387523,0.4990548383387523,0.4666666666666667,3
1971-05-18,1610612761,0022300276,112.0,0,0.4249048788763574,0.4249048788763574,0.4666666666666667,3
1971-05-18,1610612752,0022300429,120.0,0,0.4984689226124558,0.4984689226124558,0.4666666666666667,3
1971-05-18,1610612753,0022300429,114.0,1,0.48257691400535435,0.48257691400535435,0.4666666666666667,3
1971-05-18,1610612742,0022300168,124.0,0,0.5173986463736657,0.5173986463736657,0.5,3
1971-05-18,1610612746,0022300438,115.0,1,0.5699908206476495,0.5699908206476495,0.5,4
1971-05-18,1610612749,0022300195,120.0,1,0.39329188006500865,0.39329188006500865,0.40625,4
1971-05-18,1610612752,0022300276,116.0,1,0.46990669813781477,0.46990669813781477,0.4634146341463415,4
1971-05-18,1610612754,0022300636,140.0,0,0.3793299625805782,0.3793299625805782,0.0,4
1971-05-18,1610612757,0022300348,114.0,0,0.595672542972916,0.595672542972916,0.7,4
1971-05-18,1610612764,0022300465,118.0,0,0.49450156453725913,0.49450156453725913,0.4634146341463415,4
1971-05-18,1610612744,0022300087,118.0,1,0.546258351555483,0.546258351555483,0.5,4
1971-05-18,1610612758,0022300087,124.0,0,0.5636878702910265,0.5636878702910265,0.5,4
1971-05-18,1610612762,0022300474,126.0,1,0.50410738550104,0.50410738550104,0.4634146341463415,4
1971-05-18,1610612752,0022300483,116.0,1,0.5871053189090428,0.5871053189090428,0.6467323909161096,4
1971-05-18,1610612739,0022300465,111.0,1,0.5666853152894753,0.5666853152894753,0.5,4
1971-05-18,1610612761,0022300492,124.0,1,0.4388563599891972,0.4388563599891972,0.40625,4
1971-05-18,1610612758,0022300492,117.0,1,0.5501919773884959,0.5501919773884959,0.5,4
1971-05-18,1610612752,0022300177,109.0,1,0.643662007799089,0.643662007799089,0.7,4
1971-05-18,1610612766,0022300177,119.0,0,0.4520111367419118,0.4520111367419118,0.40625,4
1971-05-18,1610612755,0022300483,112.0,0,0.5174948692982924,0.5174948692982924,0.4634146341463415,4
1971-05-18,1610612756,0022300636,113.0,1,0.5707799969985304,0.5707799969985304,0.5,4
1971-05-19,1610612749,0022300097,130.0,0,0.3714090724433888,0.3714090724433888,0.0,4
1971-05-19,1610612758,0022300358,125.0,1,0.44936619207999645,0.44936619207999645,0.40625,4
1971-05-19,1610612764,0022300358,122.0,1,0.5924392388743689,0.5924392388743689,0.7,4
1971-05-19,1610612765,0022300268,107.0,1,0.6155336953079701,0.6155336953079701,0.7,4
1971-05-19,1610612745,0022300349,103.0,1,0.66715748967483,0.66715748967483,1.0,4
1971-05-19,1610612739,0022300349,110.0,1,0.601029449779274,0.601029449779274,0.7,4
1971-05-19,1610612737,0022300097,116.0,1,0.49536581410618935,0.49536581410618935,0.4634146341463415,4
1971-05-19,1610612763,0022300277,100.0,1,0.6612438966477813,0.6612438966477813,0.8333333333333334,4
1971-05-19,1610612750,0022300367,119.0,0,0.4100962654599251,0.4100962654599251,0.40625,4
1971-05-19,1610612738,0022300493,126.0,0,0.3789161123700815,0.3789161123700815,0.0,4
1971-05-19,1610612742,0022300277,113.0,0,0.6101838055061213,0.6101838055061213,0.7,4
1971-05-19,1610612743,0022300169,123.0,0,0.4085427828223593,0.4085427828223593,0.40625,4
1971-05-19,1610612755,0022300367,129.0,0,0.40789063247777535,0.40789063247777535,0.40625,4
1971-05-19,1610612742,0022300385,111.0,0,0.6461436932096977,0.6461436932096977,0.7,4
1971-05-19,1610612745,0022300385,119.0,1,0.606395646293508,0.606395646293508,0.7,4
1971-05-19,1610612741,0022300196,115.0,0,0.5039763792441289,0.5039763792441289,0.4634146341463415,4
1971-05-19,1610612762,0022300439,119.0,0,0.5435455750897943,0.5435455750897943,0.5,4
1971-05-19,1610612748,0022300439,115.0,0,0.5459055943256379,0.5459055943256379,0.5,4
1971-05-19,1610612764,0022300259,117.0,1,0.6596129517970466,0.6596129517970466,0.8253100886428119,4
1971-05-19,1610612754,0022300493,140.0,0,0.38385357820974614,0.38385357820974614,0.0,4
1971-05-19,1610612744,0022300169,106.0,0,0.6100949434380906,0.6100949434380906,0.7,4
1971-05-19,1610612741,0022300376,116.0,0,0.5366874237028985,0.5366874237028985,0.5,4
1971-05-19,1610612753,0022300259,124.0,1,0.5388957732388725,0.5388957732388725,0.5,4
1971-05-19,1610612751,0022300178,114.0,0,0.43016109418866344,0.43016109418866344,0.40625,4
1971-05-19,1610612752,0022300268,113.0,1,0.5782838568075543,0.5782838568075543,0.5,4
1971-05-19,1610612762,0022300457,119.0,1,0.5732542051672451,0.5732542051672451,0.5,4
1971-05-19,1610612759,0022300448,118.0,0,0.47364552850991903,0.47364552850991903,0.4634146341463415,4
1971-05-19,1610612755,0022300295,119.0,1,0.517944254608897,0.517944254608897,0.4634146341463415,4
1971-05-19,1610612737,0022300079,116.0,1,0.5454197774565291,0.5454197774565291,0.5,4
1971-05-19,1610612754,0022300466,122.0,1,0.5826306472276627,0.5826306472276627,0.5234082333685354,4
1971-05-19,1610612741,0022300484,104.0,0,0.5517889966791384,0.5517889966791384,0.5,4
1971-05-19,1610612764,0022300178,121.0,0,0.48249635516043987,0.48249635516043987,0.4634146341463415,4
1971-05-19,1610612749,0022300466,122.0,1,0.42477206747759244,0.42477206747759244,0.40625,4
1971-05-19,1610612751,0022300394,108.0,1,0.5426617713259042,0.5426617713259042,0.5,4
1971-05-19,1610612765,0022300394,111.0,1,0.5628346487073991,0.5628346487073991,0.5,4
1971-05-19,1610612759,0022300376,119.0,0,0.4013857214888329,0.4013857214888329,0.40625,4
1971-05-19,1610612752,0022300079,105.0,1,0.6528938186662576,0.6528938186662576,0.7,4
1971-05-19,1610612766,0022300484,111.0,0,0.5063133785181929,0.5063133785181929,0.4634146341463415,4
1971-05-19,1610612764,0022300295,120.0,0,0.6041364272428519,0.6041364272428519,0.7,4
1971-05-19,1610612738,0022300448,128.0,1,0.39297476873540116,0.39297476873540116,0.40625,4
1971-05-19,1610612749,0022300286,116.0,1,0.3840571614882451,0.3840571614882451,0.0,4
1971-05-19,1610612747,0022300187,106.0,1,0.6524132508007388,0.6524132508007388,0.7,4
1971-05-19,1610612741,0022300088,104.0,0,0.5734326784241366,0.5734326784241366,0.5,4
1971-05-19,1610612753,0022300196,115.0,0,0.5973914920141776,0.5973914920141776,0.7,4
1971-05-19,1610612757,0022300187,100.0,1,0.6156571768562752,0.6156571768562752,0.7,4
1971-05-19,1610612748,0022300475,114.0,0,0.45629150921290745,0.45629150921290745,0.40625,4
1971-05-19,1610612747,0022300475,115.0,0,0.5632375948104631,0.5632375948104631,0.5,4
1971-05-19,1610612737,0022300286,136.0,0,0.4207473926816678,0.4207473926816678,0.40625,4
1971-05-19,1610612742,0022300457,128.0,0,0.4845646516654802,0.4845646516654802,0.4634146341463415,4
1971-05-19,1610612765,0022300088,111.0,1,0.6149808620850225,0.6149808620850225,0.7,4
1971-05-20,1610612742,0022300287,104.0,1,0.6709999068594872,0.6709999068594872,1.0,4
1971-05-20,1610612752,0022300188,111.0,0,0.4469387502371662,0.4469387502371662,0.40625,4
1971-05-20,1610612752,0022300368,122.0,0,0.5261330989632661,0.5261330989632661,0.5,4
1971-05-20,1610612763,0022300449,116.0,0,0.599436111110859,0.599436111110859,0.7,4
1971-05-20,1610612751,0022300368,116.0,0,0.47984667718272317,0.47984667718272317,0.4634146341463415,4
1971-05-20,1610612759,0022300278,108.0,0,0.493714675429644,0.493714675429644,0.4634146341463415,4
1971-05-20,1610612747,0022300359,115.0,0,0.5145853637700016,0.5145853637700016,0.4634146341463415,4
1971-05-20,1610612738,0022300188,117.0,0,0.44649236787254637,0.44649236787254637,0.40625,4
1971-05-20,1610612752,0022300359,122.0,0,0.43845400851664085,0.43845400851664085,0.40625,4
1971-05-20,1610612762,0022300395,119.0,1,0.3808383864306487,0.3808383864306487,0.0,4
1971-05-20,1610612740,0022300278,117.0,1,0.42326317847376294,0.42326317847376294,0.40625,4
1971-05-20,1610612761,0022300395,111.0,1,0.5374773052619845,0.5374773052619845,0.5,4
1971-05-20,1610612758,0022300449,117.0,1,0.4354149120667117,0.4354149120667117,0.40625,4
1971-05-20,1610612756,0022300197,116.0,1,0.41036860711462825,0.41036860711462825,0.40625,4
1971-05-20,1610612748,0022300458,115.0,0,0.5195732433158547,0.5195732433158547,0.4634146341463415,4
1971-05-20,1610612746,0022300458,115.0,1,0.42151368707966763,0.42151368707966763,0.40625,4
1971-05-20,1610612750,0022300197,116.0,0,0.5009110655111705,0.5009110655111705,0.4634146341463415,4
1971-05-20,1610612749,0022300269,128.0,0,0.38266696126991695,0.38266696126991695,0.0,4
1971-05-20,1610612760,0022300287,130.0,0,0.45429326301573886,0.45429326301573886,0.40625,4
1971-05-20,1610612745,0022300485,117.0,0,0.5984884033603377,0.5984884033603377,0.7,4
1971-05-20,1610612763,0022300089,104.0,1,0.5602865559591692,0.5602865559591692,0.5,4
1971-05-20,1610612753,0022300476,115.0,1,0.6460533839894631,0.6460533839894631,0.7,4
1971-05-20,1610612758,0022300476,113.0,1,0.5585213393133079,0.5585213393133079,0.5,4
1971-05-20,1610612741,0022300269,102.0,1,0.6657966685065847,0.6657966685065847,1.0,4
1971-05-20,1610612737,0022300467,113.0,1,0.6215999745244699,0.6215999745244699,0.7,4
1971-05-20,1610612763,0022300377,104.0,1,0.580177001550841,0.580177001550841,0.5,4
1971-05-20,1610612737,0022300296,136.0,0,0.37513031158678817,0.37513031158678817,0.0,4
1971-05-20,1610612744,0022300386,118.0,1,0.5396248813514264,0.5396248813514264,0.5,4
1971-05-20,1610612760,0022300467,127.0,1,0.594871619845801,0.594871619845801,0.7,4
1971-05-20,1610612764,0022300386,122.0,0,0.6167699769751571,0.6167699769751571,0.7,4
1971-05-20,1610612743,0022300296,119.0,1,0.4640700886971909,0.4640700886971909,0.4634146341463415,4
1971-05-20,1610612754,0022300377,126.0,0,0.3991750946875661,0.3991750946875661,0.40625,4
1971-05-20,1610612763,0022300179,109.0,0,0.6209085045908416,0.6209085045908416,0.7,4
1971-05-20,1610612764,0022300089,117.0,0,0.6342936505580279,0.6342936505580279,0.6388888888888888,5
1971-05-20,1610612757,0022300098,99.0,0,0.7161229232612237,0.7161229232612237,1.0,5
1971-05-20,1610612755,0022300098,119.0,1,0.5443854630447031,0.5443854630447031,0.5555555555555556,5
1971-05-20,1610612750,0022300485,106.0,1,0.6689265016555176,0.6689265016555176,0.7777777777777778,5
1971-05-20,1610612752,0022300494,116.0,1,0.5696493080956923,0.5696493080956923,0.6,5
1971-05-20,1610612764,0022300494,102.0,1,0.7042589064753524,0.7042589064753524,0.8888888888888888,5
1971-05-20,1610612746,0022300179,118.0,0,0.4498113796611179,0.4498113796611179,0.4864864864864865,5
1971-05-21,1610612741,0022300459,105.0,0,0.697101048172766,0.697101048172766,0.8614014681360866,5
1971-05-21,1610612741,0022300468,104.0,0,0.6548351827437782,0.6548351827437782,0.6388888888888888,5
1971-05-21,1610612752,0022300468,120.0,0,0.34870114806388913,0.34870114806388913,0.3409090909090909,5
1971-05-21,1610612759,0022300099,119.0,0,0.3834335097825563,0.3834335097825563,0.3409090909090909,5
1971-05-21,1610612763,0022300288,100.0,1,0.6735869755537119,0.6735869755537119,0.7777777777777778,5
1971-05-21,1610612752,0022300297,118.0,1,0.386127610462268,0.386127610462268,0.3409090909090909,5
1971-05-21,1610612746,0022300099,108.0,1,0.5892698612701107,0.5892698612701107,0.6363636363636364,5
1971-05-21,1610612761,0022300189,123.0,0,0.37204974150678405,0.37204974150678405,0.3409090909090909,5
1971-05-21,1610612739,0022300396,124.0,0,0.4017846755637485,0.4017846755637485,0.3409090909090909,5
1971-05-21,1610612749,0022300477,122.0,1,0.41603139354052937,0.41603139354052937,0.3409090909090909,5
1971-05-21,1610612761,0022300297,112.0,1,0.6036486414759696,0.6036486414759696,0.6388888888888888,5
1971-05-21,1610612743,0022300279,119.0,0,0.33850138277772135,0.33850138277772135,0.3409090909090909,5
1971-05-21,1610612753,0022300378,104.0,1,0.7174121814029814,0.7174121814029814,1.0,5
1971-05-21,1610612764,0022300189,121.0,0,0.41386631708065613,0.41386631708065613,0.3409090909090909,5
1971-05-21,1610612755,0022300459,113.0,0,0.505603557818531,0.505603557818531,0.4864864864864865,5
1971-05-21,1610612743,0022300369,124.0,0,0.3453633125180242,0.3453633125180242,0.3409090909090909,5
1971-05-21,1610612749,0022300378,133.0,0,0.3186142908735099,0.3186142908735099,0.16666666666666666,5
1971-05-21,1610612756,0022300288,116.0,0,0.628216493580639,0.628216493580639,0.6388888888888888,5
1971-05-21,1610612762,0022300495,117.0,1,0.3258122974281598,0.3258122974281598,0.16666666666666666,5
1971-05-21,1610612761,0022300369,114.0,0,0.3955747183257219,0.3955747183257219,0.3409090909090909,5
1971-05-21,1610612756,0022300279,123.0,0,0.35297335329376917,0.35297335329376917,0.3409090909090909,5
1971-05-21,1610612758,0022300198,101.0,1,0.581290609240049,0.581290609240049,0.6,5
1971-05-21,1610612756,0022300387,112.0,0,0.6449576782530437,0.6449576782530437,0.6388888888888888,5
1971-05-21,1610612741,0022300396,116.0,0,0.49110257490820236,0.49110257490820236,0.4864864864864865,5
1971-05-21,1610612755,0022300495,110.0,0,0.6681309532048033,0.6681309532048033,0.7777777777777778,5
1971-05-21,1610612740,0022300486,115.0,0,0.4546345496374811,0.4546345496374811,0.4864864864864865,5
1971-05-21,1610612758,0022300387,125.0,0,0.3332350843418366,0.3332350843418366,0.3409090909090909,5
1971-05-21,1610612746,0022300486,117.0,0,0.34044492683945116,0.34044492683945116,0.3409090909090909,5
1971-05-21,1610612759,0022300477,118.0,1,0.5522713900509746,0.5522713900509746,0.5555555555555556,5
1971-05-21,1610612747,0022300198,107.0,1,0.5813148432354012,0.5813148432354012,0.6,5
1971-05-22,1610612752,0022300388,121.0,0,0.4790368162632563,0.4790368162632563,0.4864864864864865,5
1971-05-22,1610612762,0022300289,105.0,1,0.5885168115169593,0.5885168115169593,0.6363636363636364,5
1971-05-22,1610612757,0022300487,105.0,0,0.7063234908694999,0.7063234908694999,0.8888888888888888,5
1971-05-22,1610612742,0022300487,110.0,1,0.649758997155849,0.649758997155849,0.6388888888888888,5
1971-05-22,1610612760,0022300379,123.0,1,0.3588251931342305,0.3588251931342305,0.3409090909090909,5
1971-05-22,1610612747,0022300397,111.0,1,0.6645340879032196,0.6645340879032196,0.6388888888888888,5
1971-05-22,1610612744,0022300478,121.0,1,0.3250622671255036,0.3250622671255036,0.16666666666666666,5
1971-05-22,1610612749,0022300388,132.0,0,0.38402163794865063,0.38402163794865063,0.3409090909090909,5
1971-05-22,1610612745,0022300469,117.0,0,0.6161403053468986,0.6161403053468986,0.6388888888888888,5
1971-05-22,1610612743,0022300478,111.0,1,0.6784960465976566,0.6784960465976566,0.7777777777777778,5
1971-05-22,1610612760,0022300397,123.0,0,0.4845167081975906,0.4845167081975906,0.4864864864864865,5
1971-05-22,1610612757,0022300289,103.0,1,0.7301756675029998,0.7301756675029998,1.0,5
1971-05-22,1610612745,0022300298,111.0,0,0.5654112899765191,0.5654112899765191,0.6,5
1971-05-22,1610612759,0022300298,106.0,0,0.6592037573920175,0.6592037573920175,0.6388888888888888,5
1971-05-22,1610612745,0022300496,113.0,0,0.6728547254404819,0.6728547254404819,0.7777777777777778,5
1971-05-22,1610612739,0022300199,118.0,0,0.40246058992445843,0.40246058992445843,0.3409090909090909,5
1971-05-22,1610612749,0022300496,125.0,0,0.486505666761226,0.486505666761226,0.4864864864864865,5
1971-05-22,1610612757,0022300199,110.0,0,0.6772801157109334,0.6772801157109334,0.7777777777777778,5
1971-05-22,1610612746,0022300379,121.0,0,0.33910639838107787,0.33910639838107787,0.3409090909090909,5
1971-05-22,1610612751,0022300469,108.0,0,0.5628955406807408,0.5628955406807408,0.6,5
1971-05-23,1610612742,0022300299,104.0,1,0.5827528134478893,0.5827528134478893,0.6,5
1971-05-23,1610612759,0022300497,118.0,0,0.5181229481150469,0.5181229481150469,0.4864864864864865,5
1971-05-23,1610612739,0022300497,114.0,1,0.42327012603753306,0.42327012603753306,0.3409090909090909,5
1971-05-23,1610612738,0022300479,126.0,0,0.4947694103892485,0.4947694103892485,0.4864864864864865,5
1971-05-23,1610612762,0022300479,127.0,0,0.3652842009536239,0.3652842009536239,0.3409090909090909,5
1971-05-23,1610612763,0022300299,105.0,1,0.5047423237347529,0.5047423237347529,0.4864864864864865,5
1971-05-23,1610612742,0022300398,104.0,1,0.7177398149290943,0.7177398149290943,1.0,5
1971-05-23,1610612746,0022300389,121.0,0,0.418746187974785,0.418746187974785,0.3409090909090909,5
1971-05-23,1610612753,0022300488,115.0,1,0.6426907576533433,0.6426907576533433,0.6388888888888888,5
1971-05-23,1610612743,0022300488,120.0,0,0.6243420088490422,0.6243420088490422,0.6388888888888888,5
1971-05-23,1610612759,0022300398,119.0,0,0.6308931715770049,0.6308931715770049,0.6388888888888888,5
1971-05-23,1610612738,0022300389,126.0,1,0.535324312155653,0.535324312155653,0.4864864864864865,5
1971-05-24,1610612757,0022300399,114.0,0,0.6668250385946309,0.6668250385946309,0.6388888888888888,5
1971-05-24,1610612744,0022300399,124.0,1,0.30744426823944215,0.30744426823944215,0.0,5
1971-05-24,1610612756,0022300489,122.0,0,0.3149566701681946,0.3149566701681946,0.16666666666666666,5
1971-05-24,1610612751,0022300498,104.0,1,0.6745981930432947,0.6745981930432947,0.7777777777777778,5
1971-05-24,1610612757,0022300498,103.0,1,0.7143733252349183,0.7143733252349183,1.0,5
1971-05-24,1610612748,0022300489,110.0,0,0.4157915698979782,0.4157915698979782,0.3409090909090909,5
1971-05-25,1610612753,0022300499,117.0,0,0.6465972342901973,0.6465972342901973,0.6388888888888888,5
1971-05-25,1610612737,0022300499,116.0,0,0.6649287363395783,0.6649287363395783,0.6388888888888888,5
1971-05-27,1610612744,0022300699,121.0,1,0.38849209336411283,0.38849209336411283,0.3409090909090909,5
1971-05-27,1610612737,0022300699,130.0,1,0.5216613973987966,0.5216613973987966,0.4864864864864865,5
